{"FromSitCCod":1,"ToSitCCod":1,"Action":"NEW","ImportDataSource":"YES","ImportTemplate":"YES","Encode":"UTF-8","Origin":"DISTRIBUTION","Type":"DASHBOARD","FromToTDADSH":"[{\"FromSitCCod\":1,\"FromSitDDsc\":\"TDA\",\"FromDshCCod\":1,\"FromDshDDsc\":\"Single Serie Charts\",\"FromUrl\":\"http://quay.w5tda.com.br/tdav416origen/\",\"ToSitCCod\":0,\"ToDshCCod\":0,\"ToDshDDsc\":\"\",\"ToWspCCod\":0,\"ToDslCCod\":0,\"Status\":\"\"}]","FromToTDAVIS":"[{\"FromSitCCod\":1,\"FromSitDDsc\":\"TDA\",\"FromVisCCod\":5,\"FromVisDDsc\":\"Single Serie - Column 2D\",\"FromURL\":\"http://quay.w5tda.com.br/tdav416origen/\",\"ToSitCCod\":0,\"ToVisCCod\":0,\"ToVisDDsc\":\"\",\"Status\":\"\"},{\"FromSitCCod\":1,\"FromSitDDsc\":\"TDA\",\"FromVisCCod\":6,\"FromVisDDsc\":\"Single Serie - Column 3D\",\"FromURL\":\"http://quay.w5tda.com.br/tdav416origen/\",\"ToSitCCod\":0,\"ToVisCCod\":0,\"ToVisDDsc\":\"\",\"Status\":\"\"},{\"FromSitCCod\":1,\"FromSitDDsc\":\"TDA\",\"FromVisCCod\":7,\"FromVisDDsc\":\"Single Serie - Pie 2D\",\"FromURL\":\"http://quay.w5tda.com.br/tdav416origen/\",\"ToSitCCod\":0,\"ToVisCCod\":0,\"ToVisDDsc\":\"\",\"Status\":\"\"},{\"FromSitCCod\":1,\"FromSitDDsc\":\"TDA\",\"FromVisCCod\":8,\"FromVisDDsc\":\"Single Serie - Pie 3D\",\"FromURL\":\"http://quay.w5tda.com.br/tdav416origen/\",\"ToSitCCod\":0,\"ToVisCCod\":0,\"ToVisDDsc\":\"\",\"Status\":\"\"},{\"FromSitCCod\":1,\"FromSitDDsc\":\"TDA\",\"FromVisCCod\":9,\"FromVisDDsc\":\"Single Serie - Line\",\"FromURL\":\"http://quay.w5tda.com.br/tdav416origen/\",\"ToSitCCod\":0,\"ToVisCCod\":0,\"ToVisDDsc\":\"\",\"Status\":\"\"},{\"FromSitCCod\":1,\"FromSitDDsc\":\"TDA\",\"FromVisCCod\":10,\"FromVisDDsc\":\"Single Serie - Doughnut 2D\",\"FromURL\":\"http://quay.w5tda.com.br/tdav416origen/\",\"ToSitCCod\":0,\"ToVisCCod\":0,\"ToVisDDsc\":\"\",\"Status\":\"\"},{\"FromSitCCod\":1,\"FromSitDDsc\":\"TDA\",\"FromVisCCod\":11,\"FromVisDDsc\":\"Single Serie - Doughnut 3D\",\"FromURL\":\"http://quay.w5tda.com.br/tdav416origen/\",\"ToSitCCod\":0,\"ToVisCCod\":0,\"ToVisDDsc\":\"\",\"Status\":\"\"},{\"FromSitCCod\":1,\"FromSitDDsc\":\"TDA\",\"FromVisCCod\":12,\"FromVisDDsc\":\"Single Serie - Area 2D\",\"FromURL\":\"http://quay.w5tda.com.br/tdav416origen/\",\"ToSitCCod\":0,\"ToVisCCod\":0,\"ToVisDDsc\":\"\",\"Status\":\"\"},{\"FromSitCCod\":1,\"FromSitDDsc\":\"TDA\",\"FromVisCCod\":13,\"FromVisDDsc\":\"Single Serie - Bar 2D\",\"FromURL\":\"http://quay.w5tda.com.br/tdav416origen/\",\"ToSitCCod\":0,\"ToVisCCod\":0,\"ToVisDDsc\":\"\",\"Status\":\"\"},{\"FromSitCCod\":1,\"FromSitDDsc\":\"TDA\",\"FromVisCCod\":69,\"FromVisDDsc\":\"Single Serie - Pareto 2D\",\"FromURL\":\"http://quay.w5tda.com.br/tdav416origen/\",\"ToSitCCod\":0,\"ToVisCCod\":0,\"ToVisDDsc\":\"\",\"Status\":\"\"},{\"FromSitCCod\":1,\"FromSitDDsc\":\"TDA\",\"FromVisCCod\":70,\"FromVisDDsc\":\"Single Serie - Pareto 3D\",\"FromURL\":\"http://quay.w5tda.com.br/tdav416origen/\",\"ToSitCCod\":0,\"ToVisCCod\":0,\"ToVisDDsc\":\"\",\"Status\":\"\"}]","FromToTemplate":"[]"}
