{"FromSitCCod":1,"ToSitCCod":1,"Action":"NEW","ImportDataSource":"YES","ImportTemplate":"YES","Encode":"UTF-8","Origin":"DISTRIBUTION","Type":"DASHBOARD","FromToTDADSH":"[{\"FromSitCCod\":1,\"FromSitDDsc\":\"TDA\",\"FromDshCCod\":15,\"FromDshDDsc\":\"Infographics\",\"FromUrl\":\"http://quay.w5tda.com.br/tdav416origen/\",\"ToSitCCod\":0,\"ToDshCCod\":0,\"ToDshDDsc\":\"\",\"ToWspCCod\":0,\"ToDslCCod\":0,\"Status\":\"\"}]","FromToTDAVIS":"[{\"FromSitCCod\":1,\"FromSitDDsc\":\"TDA\",\"FromVisCCod\":102,\"FromVisDDsc\":\"Percentage 4\",\"FromURL\":\"http://quay.w5tda.com.br/tdav416origen/\",\"ToSitCCod\":0,\"ToVisCCod\":0,\"ToVisDDsc\":\"\",\"Status\":\"\"},{\"FromSitCCod\":1,\"FromSitDDsc\":\"TDA\",\"FromVisCCod\":103,\"FromVisDDsc\":\"Percentage 2\",\"FromURL\":\"http://quay.w5tda.com.br/tdav416origen/\",\"ToSitCCod\":0,\"ToVisCCod\":0,\"ToVisDDsc\":\"\",\"Status\":\"\"},{\"FromSitCCod\":1,\"FromSitDDsc\":\"TDA\",\"FromVisCCod\":104,\"FromVisDDsc\":\"Percentage 1\",\"FromURL\":\"http://quay.w5tda.com.br/tdav416origen/\",\"ToSitCCod\":0,\"ToVisCCod\":0,\"ToVisDDsc\":\"\",\"Status\":\"\"},{\"FromSitCCod\":1,\"FromSitDDsc\":\"TDA\",\"FromVisCCod\":105,\"FromVisDDsc\":\"Percentage - Round Diagonal Corner Retangle\",\"FromURL\":\"http://quay.w5tda.com.br/tdav416origen/\",\"ToSitCCod\":0,\"ToVisCCod\":0,\"ToVisDDsc\":\"\",\"Status\":\"\"},{\"FromSitCCod\":1,\"FromSitDDsc\":\"TDA\",\"FromVisCCod\":106,\"FromVisDDsc\":\"Teardrop 1\",\"FromURL\":\"http://quay.w5tda.com.br/tdav416origen/\",\"ToSitCCod\":0,\"ToVisCCod\":0,\"ToVisDDsc\":\"\",\"Status\":\"\"},{\"FromSitCCod\":1,\"FromSitDDsc\":\"TDA\",\"FromVisCCod\":107,\"FromVisDDsc\":\"Retangular Callouts\",\"FromURL\":\"http://quay.w5tda.com.br/tdav416origen/\",\"ToSitCCod\":0,\"ToVisCCod\":0,\"ToVisDDsc\":\"\",\"Status\":\"\"},{\"FromSitCCod\":1,\"FromSitDDsc\":\"TDA\",\"FromVisCCod\":108,\"FromVisDDsc\":\"Infographic 2\",\"FromURL\":\"http://quay.w5tda.com.br/tdav416origen/\",\"ToSitCCod\":0,\"ToVisCCod\":0,\"ToVisDDsc\":\"\",\"Status\":\"\"},{\"FromSitCCod\":1,\"FromSitDDsc\":\"TDA\",\"FromVisCCod\":109,\"FromVisDDsc\":\"Percentage - Thermometer\",\"FromURL\":\"http://quay.w5tda.com.br/tdav416origen/\",\"ToSitCCod\":0,\"ToVisCCod\":0,\"ToVisDDsc\":\"\",\"Status\":\"\"},{\"FromSitCCod\":1,\"FromSitDDsc\":\"TDA\",\"FromVisCCod\":110,\"FromVisDDsc\":\"Teardrop 2\",\"FromURL\":\"http://quay.w5tda.com.br/tdav416origen/\",\"ToSitCCod\":0,\"ToVisCCod\":0,\"ToVisDDsc\":\"\",\"Status\":\"\"},{\"FromSitCCod\":1,\"FromSitDDsc\":\"TDA\",\"FromVisCCod\":111,\"FromVisDDsc\":\"Infographic 1\",\"FromURL\":\"http://quay.w5tda.com.br/tdav416origen/\",\"ToSitCCod\":0,\"ToVisCCod\":0,\"ToVisDDsc\":\"\",\"Status\":\"\"},{\"FromSitCCod\":1,\"FromSitDDsc\":\"TDA\",\"FromVisCCod\":112,\"FromVisDDsc\":\"Infographic 4\",\"FromURL\":\"http://quay.w5tda.com.br/tdav416origen/\",\"ToSitCCod\":0,\"ToVisCCod\":0,\"ToVisDDsc\":\"\",\"Status\":\"\"},{\"FromSitCCod\":1,\"FromSitDDsc\":\"TDA\",\"FromVisCCod\":113,\"FromVisDDsc\":\"Percentage 3\",\"FromURL\":\"http://quay.w5tda.com.br/tdav416origen/\",\"ToSitCCod\":0,\"ToVisCCod\":0,\"ToVisDDsc\":\"\",\"Status\":\"\"},{\"FromSitCCod\":1,\"FromSitDDsc\":\"TDA\",\"FromVisCCod\":114,\"FromVisDDsc\":\"Percentage 5\",\"FromURL\":\"http://quay.w5tda.com.br/tdav416origen/\",\"ToSitCCod\":0,\"ToVisCCod\":0,\"ToVisDDsc\":\"\",\"Status\":\"\"},{\"FromSitCCod\":1,\"FromSitDDsc\":\"TDA\",\"FromVisCCod\":115,\"FromVisDDsc\":\"Infographic 3\",\"FromURL\":\"http://quay.w5tda.com.br/tdav416origen/\",\"ToSitCCod\":0,\"ToVisCCod\":0,\"ToVisDDsc\":\"\",\"Status\":\"\"},{\"FromSitCCod\":1,\"FromSitDDsc\":\"TDA\",\"FromVisCCod\":116,\"FromVisDDsc\":\"Ranking 1 - Top\",\"FromURL\":\"http://quay.w5tda.com.br/tdav416origen/\",\"ToSitCCod\":0,\"ToVisCCod\":0,\"ToVisDDsc\":\"\",\"Status\":\"\"},{\"FromSitCCod\":1,\"FromSitDDsc\":\"TDA\",\"FromVisCCod\":117,\"FromVisDDsc\":\"Percentage 6\",\"FromURL\":\"http://quay.w5tda.com.br/tdav416origen/\",\"ToSitCCod\":0,\"ToVisCCod\":0,\"ToVisDDsc\":\"\",\"Status\":\"\"},{\"FromSitCCod\":1,\"FromSitDDsc\":\"TDA\",\"FromVisCCod\":118,\"FromVisDDsc\":\"Percentage - Circular Callouts\",\"FromURL\":\"http://quay.w5tda.com.br/tdav416origen/\",\"ToSitCCod\":0,\"ToVisCCod\":0,\"ToVisDDsc\":\"\",\"Status\":\"\"},{\"FromSitCCod\":1,\"FromSitDDsc\":\"TDA\",\"FromVisCCod\":119,\"FromVisDDsc\":\"Ranking 1 - Bottom\",\"FromURL\":\"http://quay.w5tda.com.br/tdav416origen/\",\"ToSitCCod\":0,\"ToVisCCod\":0,\"ToVisDDsc\":\"\",\"Status\":\"\"}]","FromToTemplate":"[{\"FromTemplateCode\":20,\"FromTemplateName\":\"Percentage 4\",\"FromTemplateGUID\":\"592fa6aa-466e-48c7-8397-796aecaafb0e\",\"FromURL\":\"\",\"ToTemplateCode\":0,\"ToTemplateName\":\"\",\"ToTemplateGUID\":\"00000000-0000-0000-0000-000000000000\",\"Status\":\"\"},{\"FromTemplateCode\":21,\"FromTemplateName\":\"Percentage 2\",\"FromTemplateGUID\":\"a87bbf29-873a-458a-a329-ff1ffbb1d61e\",\"FromURL\":\"\",\"ToTemplateCode\":0,\"ToTemplateName\":\"\",\"ToTemplateGUID\":\"00000000-0000-0000-0000-000000000000\",\"Status\":\"\"},{\"FromTemplateCode\":22,\"FromTemplateName\":\"Percentage 1\",\"FromTemplateGUID\":\"c4f0b214-d930-47e3-87d8-bc8a505203f8\",\"FromURL\":\"\",\"ToTemplateCode\":0,\"ToTemplateName\":\"\",\"ToTemplateGUID\":\"00000000-0000-0000-0000-000000000000\",\"Status\":\"\"},{\"FromTemplateCode\":23,\"FromTemplateName\":\"Percentage - Round Diagonal Corner Retangle\",\"FromTemplateGUID\":\"dab0fbeb-dae0-4d42-9386-868a538f177e\",\"FromURL\":\"\",\"ToTemplateCode\":0,\"ToTemplateName\":\"\",\"ToTemplateGUID\":\"00000000-0000-0000-0000-000000000000\",\"Status\":\"\"},{\"FromTemplateCode\":24,\"FromTemplateName\":\"Teardrop 1\",\"FromTemplateGUID\":\"f7f9481d-0e94-45fd-88e8-89606f1b9a8e\",\"FromURL\":\"\",\"ToTemplateCode\":0,\"ToTemplateName\":\"\",\"ToTemplateGUID\":\"00000000-0000-0000-0000-000000000000\",\"Status\":\"\"},{\"FromTemplateCode\":25,\"FromTemplateName\":\"Retangular Callouts\",\"FromTemplateGUID\":\"f113418a-137e-4824-9d22-ee62434e955b\",\"FromURL\":\"\",\"ToTemplateCode\":0,\"ToTemplateName\":\"\",\"ToTemplateGUID\":\"00000000-0000-0000-0000-000000000000\",\"Status\":\"\"},{\"FromTemplateCode\":26,\"FromTemplateName\":\" Infographic 2\",\"FromTemplateGUID\":\"27a0c1be-969a-4570-a8a1-62571f56beca\",\"FromURL\":\"\",\"ToTemplateCode\":0,\"ToTemplateName\":\"\",\"ToTemplateGUID\":\"00000000-0000-0000-0000-000000000000\",\"Status\":\"\"},{\"FromTemplateCode\":27,\"FromTemplateName\":\"Percentage - Thermometer\",\"FromTemplateGUID\":\"f327af61-515f-44da-a8ce-4c8ffd936192\",\"FromURL\":\"\",\"ToTemplateCode\":0,\"ToTemplateName\":\"\",\"ToTemplateGUID\":\"00000000-0000-0000-0000-000000000000\",\"Status\":\"\"},{\"FromTemplateCode\":28,\"FromTemplateName\":\"Teardrop 2\",\"FromTemplateGUID\":\"6677ff37-e667-4818-85b8-674d490ee69b\",\"FromURL\":\"\",\"ToTemplateCode\":0,\"ToTemplateName\":\"\",\"ToTemplateGUID\":\"00000000-0000-0000-0000-000000000000\",\"Status\":\"\"},{\"FromTemplateCode\":29,\"FromTemplateName\":\"Infographic 1\",\"FromTemplateGUID\":\"6bb0452c-53fa-4dcf-b383-4a4624bbebd5\",\"FromURL\":\"\",\"ToTemplateCode\":0,\"ToTemplateName\":\"\",\"ToTemplateGUID\":\"00000000-0000-0000-0000-000000000000\",\"Status\":\"\"},{\"FromTemplateCode\":30,\"FromTemplateName\":\" Infographic 4\",\"FromTemplateGUID\":\"54adab62-f1b2-4d29-a2e2-d7bed8994b6d\",\"FromURL\":\"\",\"ToTemplateCode\":0,\"ToTemplateName\":\"\",\"ToTemplateGUID\":\"00000000-0000-0000-0000-000000000000\",\"Status\":\"\"},{\"FromTemplateCode\":31,\"FromTemplateName\":\"Percentage 3\",\"FromTemplateGUID\":\"1cb74bdd-06fd-4b21-88dc-b1568cad5aaf\",\"FromURL\":\"\",\"ToTemplateCode\":0,\"ToTemplateName\":\"\",\"ToTemplateGUID\":\"00000000-0000-0000-0000-000000000000\",\"Status\":\"\"},{\"FromTemplateCode\":32,\"FromTemplateName\":\"Percentage 5\",\"FromTemplateGUID\":\"652f11b4-ea36-4201-9721-564bcd0f758c\",\"FromURL\":\"\",\"ToTemplateCode\":0,\"ToTemplateName\":\"\",\"ToTemplateGUID\":\"00000000-0000-0000-0000-000000000000\",\"Status\":\"\"},{\"FromTemplateCode\":33,\"FromTemplateName\":\" Infographic 3\",\"FromTemplateGUID\":\"47a5e3ce-a424-4358-b005-65d9c0655db5\",\"FromURL\":\"\",\"ToTemplateCode\":0,\"ToTemplateName\":\"\",\"ToTemplateGUID\":\"00000000-0000-0000-0000-000000000000\",\"Status\":\"\"},{\"FromTemplateCode\":34,\"FromTemplateName\":\"Ranking 1 - Top\",\"FromTemplateGUID\":\"31a1256f-2ba5-41c7-8707-118c3baf0696\",\"FromURL\":\"\",\"ToTemplateCode\":0,\"ToTemplateName\":\"\",\"ToTemplateGUID\":\"00000000-0000-0000-0000-000000000000\",\"Status\":\"\"},{\"FromTemplateCode\":37,\"FromTemplateName\":\"Ranking 1 - Bottom\",\"FromTemplateGUID\":\"498ff566-4e48-4d4b-ab60-0f9685719e5b\",\"FromURL\":\"\",\"ToTemplateCode\":0,\"ToTemplateName\":\"\",\"ToTemplateGUID\":\"00000000-0000-0000-0000-000000000000\",\"Status\":\"\"},{\"FromTemplateCode\":35,\"FromTemplateName\":\"Percentage 6\",\"FromTemplateGUID\":\"64aa9862-4cb6-4c88-b80e-8841fac48c25\",\"FromURL\":\"\",\"ToTemplateCode\":0,\"ToTemplateName\":\"\",\"ToTemplateGUID\":\"00000000-0000-0000-0000-000000000000\",\"Status\":\"\"},{\"FromTemplateCode\":36,\"FromTemplateName\":\"Percentage - Circular Callouts\",\"FromTemplateGUID\":\"513c5a96-1a66-4646-b588-9a8e9077ed4c\",\"FromURL\":\"\",\"ToTemplateCode\":0,\"ToTemplateName\":\"\",\"ToTemplateGUID\":\"00000000-0000-0000-0000-000000000000\",\"Status\":\"\"}]"}
