{"FromSitCCod":1,"ToSitCCod":2,"Action":"UPD","ImportDataSource":"YES","ImportTemplate":"YES","Encode":"UTF-8","Origin":"DISTRIBUTION","Type":"DASHBOARD","FromToTDADSH":"[{\"FromSitCCod\":1,\"FromSitDDsc\":\"TDA\",\"FromDshCCod\":17,\"FromDshDDsc\":\"Tablero prueba migracion\",\"FromUrl\":\"http://quay.w5tda.com.br/tdav416origen/\",\"ToSitCCod\":0,\"ToDshCCod\":0,\"ToDshDDsc\":\"\",\"ToWspCCod\":0,\"ToDslCCod\":0,\"Status\":\"\"},{\"FromSitCCod\":1,\"FromSitDDsc\":\"TDA\",\"FromDshCCod\":18,\"FromDshDDsc\":\"Tablero prueba migracion - segunda versión\",\"FromUrl\":\"http://quay.w5tda.com.br/tdav416origen/\",\"ToSitCCod\":0,\"ToDshCCod\":0,\"ToDshDDsc\":\"\",\"ToWspCCod\":0,\"ToDslCCod\":0,\"Status\":\"\"},{\"FromSitCCod\":1,\"FromSitDDsc\":\"TDA\",\"FromDshCCod\":19,\"FromDshDDsc\":\"Tablero prueba migracion - tercera versión\",\"FromUrl\":\"http://quay.w5tda.com.br/tdav416origen/\",\"ToSitCCod\":0,\"ToDshCCod\":0,\"ToDshDDsc\":\"\",\"ToWspCCod\":0,\"ToDslCCod\":0,\"Status\":\"\"}]","FromToTDAVIS":"[{\"FromSitCCod\":1,\"FromSitDDsc\":\"TDA\",\"FromVisCCod\":120,\"FromVisDDsc\":\"tabla prueba migracion\",\"FromURL\":\"http://quay.w5tda.com.br/tdav416origen/\",\"ToSitCCod\":0,\"ToVisCCod\":0,\"ToVisDDsc\":\"\",\"Status\":\"\"},{\"FromSitCCod\":1,\"FromSitDDsc\":\"TDA\",\"FromVisCCod\":121,\"FromVisDDsc\":\"tabla prueba migracion - gráfico\",\"FromURL\":\"http://quay.w5tda.com.br/tdav416origen/\",\"ToSitCCod\":0,\"ToVisCCod\":0,\"ToVisDDsc\":\"\",\"Status\":\"\"},{\"FromSitCCod\":1,\"FromSitDDsc\":\"TDA\",\"FromVisCCod\":122,\"FromVisDDsc\":\"tabla prueba migracion - gráfico 2\",\"FromURL\":\"http://quay.w5tda.com.br/tdav416origen/\",\"ToSitCCod\":0,\"ToVisCCod\":0,\"ToVisDDsc\":\"\",\"Status\":\"\"},{\"FromSitCCod\":1,\"FromSitDDsc\":\"TDA\",\"FromVisCCod\":123,\"FromVisDDsc\":\"tabla prueba migracion - gráfico 3\",\"FromURL\":\"http://quay.w5tda.com.br/tdav416origen/\",\"ToSitCCod\":0,\"ToVisCCod\":0,\"ToVisDDsc\":\"\",\"Status\":\"\"}]","FromToTemplate":"[]"}
